id;center_id;name
1;1;DashBoard1
2;2;DashBoard2
3;3;DashBoard3
4;4;DashBoard4
5;1;DashBoardCentre1
6;5;26wqs60rzi6e504
7;6;1y27jz6i99uk13t
8;7;1uq32l28v11xng2
9;1;cb0mcfh95t10340
10;2;r293y2512btvs8q
11;3;t77j27ng9g91e0y
12;4;j519uo6t327cme8
13;1;x9i5ms6991j77ia
14;5;w91x649tl48dh1l
15;6;u2m7qg699wp2g06
16;7;7dr790141aq2afi
17;1;52hcp1894rt0xs3
18;2;tp0r90hh12tc985
19;3;966k9w2y00i6dmt
20;4;t7n7482u3uefd53
21;1;lv80j7eb49ww393
22;5;kk798s1573at5pa
23;6;5218g9s4di77rjr
24;7;89wsc3083xd9jw0
25;1;ot6bw8y3d823d32
26;2;8276y8t7yt1wfz2
27;3;7m42r44g2nyg54n
28;4;enlk4i717mm8012
29;1;8j9q74ec16n6e6s
30;5;0n30w4hv7qgj852
31;6;5605h8v24rlx9ui
32;7;6590830qpo8qnro
33;1;772jsfxm008z93d
34;2;p456a7zy39vi3u8
35;3;ia60jes26g9687e
36;4;ae8bsk0963u83m2
37;1;vkn3783a02yi3s2
38;5;9zmd0ygv83770t3
39;6;7usx76v2k6747nn
40;7;c61gr951g6r67og
41;1;b1y0xc54f28mg65
42;2;9vni7220o0w4bx6
43;3;86l8e00vb54lu7r
44;4;s6r090fz69u99bh
45;1;ou9k35j223c8lg5
46;5;m82ob8jwcr72737
47;6;05d4958z21imlow
48;7;6k4tv34j2mo0e85
49;1;676884e3kjpjjn9
50;2;4o59vq550h2vg8q
51;3;3ngi2w26o32ge89
52;4;6e167iy5r9ew5e5
53;1;840me5w1d2ur8o0
54;5;252780jwq5gr2ce
55;6;c8f7k2s54i67du3
56;7;2z4xet918ww086v
57;1;1fm086qii12ko35
58;2;n50i335f78i3obv
59;3;90oh89fm13e7zj2
60;4;c7doa6831yo90h7
61;1;he7e0kh458886cc
62;5;h6m787fkp0kf405
63;6;9012t611jav3shv
64;7;t9jggda74289f19
65;1;936s6x93t0puf2i
